album_id,album_name,album_artist,album_genre,album_image,album_release_date
2QjOHCTQ1Jl3zawyYOpxh6,Sweater Weather,The Neighbourhood,rock,https://i.scdn.co/image/ab67616d0000b2738265a736a1eb838ad5a0b921,2013-04-19
0ofHAoxe9vBkTCp2UQIavz,Dreams - 2004 Remaster,Fleetwood Mac,rock,https://i.scdn.co/image/ab67616d0000b273e52a59a28efa4773dd2bfe1b,1977-02-04
5XeFesFbtLpXzIVDNQP22n,I Wanna Be Yours,Arctic Monkeys,rock,https://i.scdn.co/image/ab67616d0000b2734ae1c4c5c45aabe565499163,2013-09-09
58ge6dfP91o9oXMzq3XkIS,505,Arctic Monkeys,rock,https://i.scdn.co/image/ab67616d0000b2730c8ac83035e9588e8ad34b90,2007-04-24
5UWwZ5lm5PKu6eKsHAGxOk,Everlong,Foo Fighters,rock,https://i.scdn.co/image/ab67616d0000b2730389027010b78a5e7dce426b,1997-05-20
003vvx7Niy0yvhvHt4a68B,Mr. Brightside,The Killers,rock,https://i.scdn.co/image/ab67616d0000b273ccdddd46119a4ff53eaf1f5d,2004-06-04
70LcF31zb1H0PyJoS1Sx1r,Creep,Radiohead,rock,https://i.scdn.co/image/ab67616d0000b273df55e326ed144ab4f5cecf95,1993-02-22
086myS9r57YsLbJpU0TgK9,Why'd You Only Call Me When You're High?,Arctic Monkeys,rock,https://i.scdn.co/image/ab67616d0000b2734ae1c4c5c45aabe565499163,2013-09-09
4BP3uh0hFLFRb5cjsgLqDh,Fortunate Son,Creedence Clearwater Revival,rock,https://i.scdn.co/image/ab67616d0000b2739f39192f9f8ca1c90847b3e5,1969-11-02
4h9wh7iOZ0GGn8QVp4RAOB,I Ain't Worried,OneRepublic,rock,https://i.scdn.co/image/ab67616d0000b273ec96e006b8bdfc582610ec13,2022-05-13
6K4t31amVTZDgR3sKmwUJJ,The Less I Know The Better,Tame Impala,rock,https://i.scdn.co/image/ab67616d0000b2739e1cfc756886ac782e363d79,2015-07-17
5FVd6KXrgO9B3JPmC8OPst,Do I Wanna Know?,Arctic Monkeys,rock,https://i.scdn.co/image/ab67616d0000b2734ae1c4c5c45aabe565499163,2013-09-09
6GG73Jik4jUlQCkKg9JuGO,The Middle,Jimmy Eat World,rock,https://i.scdn.co/image/ab67616d0000b27395d1d98c5176e4f982bd73d6,2001-07-17
6me7F0aaZjwDo6RJ5MrfBD,Evergreen,Richy Mitch & The Coal Miners,rock,https://i.scdn.co/image/ab67616d0000b2731cc17bae5ee17cce117e198a,2017-05-17
2tznHmp70DxMyr2XhWLOW0,Cigarette Daydreams,Cage The Elephant,rock,https://i.scdn.co/image/ab67616d0000b273fb1cb900d28642e668d77b12,2013-10-08
3dPQuX8Gs42Y7b454ybpMR,Seven Nation Army,The White Stripes,rock,https://i.scdn.co/image/ab67616d0000b273a69f71a8794e2d867a52f98f,2003-04-01
3JvrhDOgAt6p7K8mDyZwRd,Riptide,Vance Joy,rock,https://i.scdn.co/image/ab67616d0000b273a9929deb093a6617d2493b03,2014-09-09
5E30LdtzQTGqRvNd7l6kG5,Daddy Issues,The Neighbourhood,rock,https://i.scdn.co/image/ab67616d0000b2733066581d697fbdee4303d685,2015-10-30
2LawezPeJhN4AWuSB0GtAU,Have You Ever Seen The Rain,Creedence Clearwater Revival,rock,https://i.scdn.co/image/ab67616d0000b27351f311c2fb06ad2789e3ff91,1970-12-07
4bHsxqR3GMrXTxEPLuK5ue,Don't Stop Believin',Journey,rock,https://i.scdn.co/image/ab67616d0000b273c5653f9038e42efad2f8a266,1981-12-10
3USxtqRwSYz57Ewm6wWRMp,Heat Waves,Glass Animals,rock,https://i.scdn.co/image/ab67616d0000b273712701c5e263efc8726b1464,2020-08-07
0qRR9d89hIS0MHRkQ0ejxX,Rich Girl,Daryl Hall & John Oates,rock,https://i.scdn.co/image/ab67616d0000b2733ebc5b9d8942069d3b920550,1976-08-01
5e9TFTbltYBg2xThimr0rU,The Chain - 2004 Remaster,Fleetwood Mac,rock,https://i.scdn.co/image/ab67616d0000b273e52a59a28efa4773dd2bfe1b,1977-02-04
3yrSvpt2l1xhsV9Em88Pul,Brown Eyed Girl,Van Morrison,rock,https://i.scdn.co/image/ab67616d0000b2733f29a976eea00141514ab936,Sep-67
7zwn1eykZtZ5LODrf7c0tS,You Get Me So High,The Neighbourhood,rock,https://i.scdn.co/image/ab67616d0000b2739b6ac98a52f62d5cb473da40,2018-11-02
4yugZvBYaoREkJKtbG08Qr,Take It Easy - 2013 Remaster,Eagles,rock,https://i.scdn.co/image/ab67616d0000b273c13acd642ba9f6f5f127aa1b,1972-06-01
4RvWPyQ5RL0ao9LPZeSouE,Everybody Wants To Rule The World,Tears For Fears,rock,https://i.scdn.co/image/ab67616d0000b27322463d6939fec9e17b2a6235,1985-02-25
7H0ya83CMmgFcOhw0UB6ow,Space Song,Beach House,rock,https://i.scdn.co/image/ab67616d0000b2739b7190e673e46271b2754aab,2015-08-28
3d9DChrdc6BOeFsbrZ3Is0,Under the Bridge,Red Hot Chili Peppers,rock,https://i.scdn.co/image/ab67616d0000b273153d79816d853f2694b2cc70,1991-09-24
0d28khcov6AiegSCpG5TuT,Feel Good Inc.,Gorillaz,rock,https://i.scdn.co/image/ab67616d0000b27319d85a472f328a6ed9b704cf,2005-05-23
57bgtoPSgt236HzfBOd8kj,Thunderstruck,AC/DC,rock,https://i.scdn.co/image/ab67616d0000b2738399047ff71200928f5b6508,1990-09-24
5TgEJ62DOzBpGxZ7WRsrqb,Work Song,Hozier,rock,https://i.scdn.co/image/ab67616d0000b2734ca68d59a4a29c856a4a39c2,2014-09-19
40riOy7x9W7GXjyGp4pjAv,Hotel California - 2013 Remaster,Eagles,rock,https://i.scdn.co/image/ab67616d0000b2734637341b9f507521afa9a778,1976-12-08
20OFwXhEXf12DzwXmaV7fj,Bad Moon Rising,Creedence Clearwater Revival,rock,https://i.scdn.co/image/ab67616d0000b2733efcd243aaa5638f55318f91,1969-08-03
3d8y0t70g7hw2FOWl9Z4Fm,Ophelia,The Lumineers,rock,https://i.scdn.co/image/ab67616d0000b273cd34380a48c22de3d0e475de,2016-04-08
7snQQk1zcKl8gZ92AnueZW,Sweet Child O' Mine,Guns N' Roses,rock,https://i.scdn.co/image/ab67616d0000b27321ebf49b3292c3f0f575f0f5,1987-07-21
3VqHuw0wFlIHcIPWkhIbdQ,Enter Sandman (Remastered),Metallica,rock,https://i.scdn.co/image/ab67616d0000b2731f9edf15e43f4c2f4938b869,1991-08-12
2374M0fQpWi3dLnB54qaLX,Africa,TOTO,rock,https://i.scdn.co/image/ab67616d0000b2734a052b99c042dc15f933145b,1982-04-08
7w87IxuO7BDcJ3YUqCyMTT,Pumped Up Kicks,Foster The People,rock,https://i.scdn.co/image/ab67616d0000b273121d5f92cf90576907dfb1e5,2011-05-23
2K7xn816oNHJZ0aVqdQsha,Softcore,The Neighbourhood,rock,https://i.scdn.co/image/ab67616d0000b2739b6ac98a52f62d5cb473da40,2018-11-02
5ghIJDpPoe3CfHMGu71E6T,Smells Like Teen Spirit,Nirvana,rock,https://i.scdn.co/image/ab67616d0000b273e175a19e530c898d167d39bf,1991-09-26
1CS7Sd1u5tWkstBhpssyjP,Take Me to Church,Hozier,rock,https://i.scdn.co/image/ab67616d0000b2734ca68d59a4a29c856a4a39c2,2014-09-19
5ihS6UUlyQAfmp48eSkxuQ,Landslide,Fleetwood Mac,rock,https://i.scdn.co/image/ab67616d0000b2734fb043195e8d07e72edc7226,1975-07-11
0pqnGHJpmpxLKifKRmU6WP,Believer,Imagine Dragons,rock,https://i.scdn.co/image/ab67616d0000b2735675e83f707f1d7271e5cf8a,2017-06-23
2TfSHkHiFO4gRztVIkggkE,"Sugar, We're Goin Down",Fall Out Boy,rock,https://i.scdn.co/image/ab67616d0000b27371565eda831124be86c603d5,2005-05-03
6SpLc7EXZIPpy0sVko0aoU,Misery Business,Paramore,rock,https://i.scdn.co/image/ab67616d0000b273bee754528c08d5ff6799a1eb,2007-06-11
1qRA5BS78u3gME0loMl9AA,For What It's Worth,Buffalo Springfield,rock,https://i.scdn.co/image/ab67616d0000b273d231bd1716b71b6444e25f89,1966-12-05
6dGnYIeXmHdcikdzNNDMm2,Here Comes The Sun - Remastered 2009,The Beatles,rock,https://i.scdn.co/image/ab67616d0000b273dc30583ba717007b00cceb25,1969-09-26
0GO8y8jQk1PkHzS31d699N,Tongue Tied,GROUPLOVE,rock,https://i.scdn.co/image/ab67616d0000b273d84a9bbcba91cb6a4a212b1b,2011-09-02
4kbj5MwxO1bq9wjT5g9HaA,Shut Up and Dance,WALK THE MOON,rock,https://i.scdn.co/image/ab67616d0000b27343294cfa2688055c9d821bf3,2014-12-02
7e89621JPkKaeDSTQ3avtg,Sweet Home Alabama,Lynyrd Skynyrd,rock,https://i.scdn.co/image/ab67616d0000b27317e1907923e91181f38290ac,1974-04-15
2m1hi0nfMR9vdGC8UcrnwU,All The Small Things,blink-182,rock,https://i.scdn.co/image/ab67616d0000b2736da502e35a7a3e48de2b0f74,1999-06-01
7hQJA50XrCWABAu5v6QZ4i,Don't Stop Me Now - Remastered 2011,Queen,rock,https://i.scdn.co/image/ab67616d0000b273008b06ec71019afd70153889,1978-11-10
63T7DJ1AFDD6Bn8VzG6JE8,"Paint It, Black",The Rolling Stones,rock,https://i.scdn.co/image/ab67616d0000b273bad7062c3fd2f2d037989694,1966-04-15
5hM5arv9KDbCHS0k9uqwjr,Borderline,Tame Impala,rock,https://i.scdn.co/image/ab67616d0000b27358267bd34420a00d5cf83a49,2020-02-14
5tVA6TkbaAH9QMITTQRrNv,Free Fallin',Tom Petty,rock,https://i.scdn.co/image/ab67616d0000b27336572e6726714544f5bed456,1989-01-01
2iUmqdfGZcHIhS3b9E9EWq,Everybody Talks,Neon Trees,rock,https://i.scdn.co/image/ab67616d0000b2734a6c0376235e5aa44e59d2c2,2012-01-01
3LlAyCYU26dvFZBDUIMb7a,Demons,Imagine Dragons,rock,https://i.scdn.co/image/ab67616d0000b273b2b2747c89d2157b0b29fb6a,2012-09-04
1JSTJqkT5qHq8MDJnJbRE1,Every Breath You Take,The Police,rock,https://i.scdn.co/image/ab67616d0000b273c8e97cafeb2acb85b21a777e,1983-06-17
2MLHyLy5z5l5YRp7momlgw,Island In The Sun,Weezer,rock,https://i.scdn.co/image/ab67616d0000b2731e0dc5baaabda304b0ad1815,2001-05-15
1xsYj84j7hUDDnTTerGWlH,Dream On,Aerosmith,rock,https://i.scdn.co/image/ab67616d0000b273bbf0146981704a073405b6c2,1973-01-05
1QEEqeFIZktqIpPI4jSVSF,More Than a Feeling,Boston,rock,https://i.scdn.co/image/ab67616d0000b27390ef9760e57fafd8f966d17a,1976-03-07
3CRDbSIZ4r5MsZ0YwxuEkn,Stressed Out,Twenty One Pilots,rock,https://i.scdn.co/image/ab67616d0000b273de03bfc2991fd5bcfde65ba3,2015-05-15
1zB4vmk8tFRmM9UULNzbLB,Thunder,Imagine Dragons,rock,https://i.scdn.co/image/ab67616d0000b2735675e83f707f1d7271e5cf8a,2017-06-23
6Nm8h73ycDG2saCnZV8poF,Dragula,Rob Zombie,rock,https://i.scdn.co/image/ab67616d0000b27313d4adf9e4b938f88266f4e4,1998-01-01
2DlHlPMa4M17kufBvI2lEN,Chop Suey!,System Of A Down,rock,https://i.scdn.co/image/ab67616d0000b27330d45198d0c9e8841f9a9578,2001-09-04
7EZC6E7UjZe63f1jRmkWxt,Zombie,The Cranberries,rock,https://i.scdn.co/image/ab67616d0000b27372d481a5999197ef5f42f796,1994-10-03
2SiXAy7TuUkycRVbbWDEpo,You Shook Me All Night Long,AC/DC,rock,https://i.scdn.co/image/ab67616d0000b2730b51f8d91f3a21e8426361ae,1980-07-25
7gSQv1OHpkIoAdUiRLdmI6,I Won't Back Down,Tom Petty,rock,https://i.scdn.co/image/ab67616d0000b27336572e6726714544f5bed456,1989-01-01
2zYzyRzz6pRmhPzyfMEC8s,Highway to Hell,AC/DC,rock,https://i.scdn.co/image/ab67616d0000b27351c02a77d09dfcd53c8676d0,1979-07-27
4P5KoWXOxwuobLmHXLMobV,Come As You Are,Nirvana,rock,https://i.scdn.co/image/ab67616d0000b273e175a19e530c898d167d39bf,1991-09-26
0LQtEJt7x0s6knb6RKdRYc,Chicken Fried,Zac Brown Band,rock,https://i.scdn.co/image/ab67616d0000b27322e4168b05eee8ad21209425,2008-11-17
11iIikXxC6NP0Ma8vMD27x,Alien Blues,Vundabar,rock,https://i.scdn.co/image/ab67616d0000b273578b0e6109b76bad0821ca71,2015-07-24
3Pzh926pXggbMe2ZpXyMV7,Ain't No Rest for the Wicked,Cage The Elephant,rock,https://i.scdn.co/image/ab67616d0000b273e4800c920780ac18d4ab6730,2009-03-24
52ojopYMUzeNcudsoz7O9D,"New Person, Same Old Mistakes",Tame Impala,rock,https://i.scdn.co/image/ab67616d0000b2739e1cfc756886ac782e363d79,2015-07-17
2AYEOC02WLhUiOoaig2SEH,Out of My League,Fitz and The Tantrums,rock,https://i.scdn.co/image/ab67616d0000b2735e145eb24e282b9554501a27,2013-05-07
2hnMS47jN0etwvFPzYk11f,Santeria,Sublime,rock,https://i.scdn.co/image/ab67616d0000b2738fc4b0dcfb9509553f195c85,1996-07-30
37ZJ0p5Jm13JPevGcx4SkF,Livin' On A Prayer,Bon Jovi,rock,https://i.scdn.co/image/ab67616d0000b2731336b31b6a1799f0de5807ac,1986-08-16
1Y373MqadDRtclJNdnUXVc,Paranoid - 2012 - Remaster,Black Sabbath,rock,https://i.scdn.co/image/ab67616d0000b273d5fccf9ce08b6a1e7d12a222,1970-09-18
1YLJVmuzeM2YSUkCCaTNUB,Dog Days Are Over,Florence + The Machine,rock,https://i.scdn.co/image/ab67616d0000b2730672b0f8756ae2af86e8a5ce,2009-10-10
2GiJYvgVaD2HtM8GqD9EgQ,Electric Love,BØRNS,rock,https://i.scdn.co/image/ab67616d0000b273cc2cf912462d8ae4ef856434,2015-10-16
5EWPGh7jbTNO2wakv8LjUI,Free Bird,Lynyrd Skynyrd,rock,https://i.scdn.co/image/ab67616d0000b273128450651c9f0442780d8eb8,1973-01-01
08mG3Y1vljYA6bvDt4Wqkj,Back In Black,AC/DC,rock,https://i.scdn.co/image/ab67616d0000b2730b51f8d91f3a21e8426361ae,1980-07-25
1bp2IO61zbQrbWNmKKxg3f,The Joker,Steve Miller Band,rock,https://i.scdn.co/image/ab67616d0000b273375445cc7a2aedff11361b51,1973-01-01
0ntQJM78wzOLVeCUAW7Y45,Sex on Fire,Kings of Leon,rock,https://i.scdn.co/image/ab67616d0000b2732519d01c0cca06f134eeadd8,2008-09-23
7j31rVgGX9Q2blT92VBEA0,Teenagers,My Chemical Romance,rock,https://i.scdn.co/image/ab67616d0000b27317f77fab7e8f18d5f9fee4a1,2006-10-23
1G391cbiT3v3Cywg8T7DM1,Scar Tissue,Red Hot Chili Peppers,rock,https://i.scdn.co/image/ab67616d0000b27394d08ab63e57b0cae74e8595,1999-06-08
3xdjjKMcMOFgo1eQrfbogM,Wagon Wheel,Darius Rucker,rock,https://i.scdn.co/image/ab67616d0000b2733c814f8afa852904e9db8a9f,2013-01-01
0ll8uFnc0nANY35E0Lfxvg,Somewhere Only We Know,Keane,rock,https://i.scdn.co/image/ab67616d0000b273045d0a38105fbe7bde43c490,2004-01-01
6ZOBP3NvffbU4SZcrnt1k6,Kryptonite,3 Doors Down,rock,https://i.scdn.co/image/ab67616d0000b2732868c4713a3912fd476b42f1,2000-11-05
3gdewACMIVMEWVbyb8O9sY,"Rocket Man (I Think It's Going To Be A Long, Long Time)",Elton John,rock,https://i.scdn.co/image/ab67616d0000b2733009007708ab5134936a58b3,1972-05-19
3Zwu2K0Qa5sT6teCCHPShP,Thnks fr th Mmrs,Fall Out Boy,rock,https://i.scdn.co/image/ab67616d0000b273da071ae7564949fbbfc6904d,2007-01-01
2xql0pid3EUwW38AsywxhV,Reflections,The Neighbourhood,rock,https://i.scdn.co/image/ab67616d0000b2739b6ac98a52f62d5cb473da40,2018-11-02
1jDJFeK9x3OZboIAHsY9k2,I'm Still Standing,Elton John,rock,https://i.scdn.co/image/ab67616d0000b273eb11e2abccdca41f39ad3b89,1983-05-30
5zA8vzDGqPl2AzZkEYQGKh,Uptown Girl,Billy Joel,rock,https://i.scdn.co/image/ab67616d0000b273814cbc4746358a25c84c62e7,1983-08-08
6Qyc6fS4DsZjB2mRW9DsQs,Iris,The Goo Goo Dolls,rock,https://i.scdn.co/image/ab67616d0000b273eda9478c39a21e1cdc6609ca,1998-09-11
7Ar4G7Ci11gpt6sfH9Cgz5,Listen to the Music,The Doobie Brothers,rock,https://i.scdn.co/image/ab67616d0000b2736f4433e965a9ee12556ecd12,1972-10-14
48UPSzbZjgc449aqz8bxox,Californication,Red Hot Chili Peppers,rock,https://i.scdn.co/image/ab67616d0000b27394d08ab63e57b0cae74e8595,1999-06-08
254bXAqt3zP6P50BdQvEsq,Everywhere - 2017 Remaster,Fleetwood Mac,rock,https://i.scdn.co/image/ab67616d0000b273aaba065944cd82a6f15c86b6,1987-04-13
0G21yYKMZoHa30cYVi1iA8,Welcome To The Jungle,Guns N' Roses,rock,https://i.scdn.co/image/ab67616d0000b27321ebf49b3292c3f0f575f0f5,1987-07-21
