album_id,album_name,album_artist,album_genre,album_image,album_release_date
4iZ4pt7kvcaH6Yo8UoZ4s2,Snooze,SZA,R&b,https://i.scdn.co/image/ab67616d0000b27370dbc9f47669d120ad874ec1,2022-12-09
2J6OF7CkpdQGSfm1wdclqn,Clouded,Brent Faiyaz,R&b,https://i.scdn.co/image/ab67616d0000b2736a463f436bbf07f3c9e8c62a,2020-02-07
1Qrg8KqiBpW07V7PNxwwwL,Kill Bill,SZA,R&b,https://i.scdn.co/image/ab67616d0000b2730c471c36970b9406233842a5,2022-12-08
1xK59OXxi2TAAAbmZK0kBL,Romantic Homicide,d4vd,R&b,https://i.scdn.co/image/ab67616d0000b273bd1a52b3d5903ee01c216da0,2022-07-20
0JXXNGljqupsJaZsgSbMZV,Sure Thing,Miguel,R&b,https://i.scdn.co/image/ab67616d0000b273d5a8395b0d80b8c48a5d851c,2010-11-26
5fEB6ZmVkg63GZg9qO86jh,Break from Toronto,PARTYNEXTDOOR,R&b,https://i.scdn.co/image/ab67616d0000b273090b1f9557a6d23c0817bd88,2013-07-01
6WzRpISELf3YglGAh7TXcG,Popular (with Playboi Carti & Madonna) - Music from the HBO Original Series,"The Weeknd, Playboi Carti, Madonna",R&b,https://i.scdn.co/image/ab67616d0000b2734c8f092adc59b4bf4212389d,2023-06-02
3azJifCSqg9fRij2yKIbWz,The Color Violet,Tory Lanez,R&b,https://i.scdn.co/image/ab67616d0000b2730c5f23cbf0b1ab7e37d0dc67,2021-12-10
3pXF1nA74528Edde4of9CC,Don't,Bryson Tiller,R&b,https://i.scdn.co/image/ab67616d0000b273d5f3cea8affdca01a0dc754f,2015-10-02
2GAhgAjOhEmItWLfgisyOn,Low,SZA,R&b,https://i.scdn.co/image/ab67616d0000b27370dbc9f47669d120ad874ec1,2022-12-09
5LrN7yUQAzvthd4QujgPFr,Here With Me,d4vd,R&b,https://i.scdn.co/image/ab67616d0000b27364fa1bda999f4fbd2b7c4bb7,2023-05-26
7zFXmv6vqI4qOt4yGf3jYZ,Get You (feat. Kali Uchis),"Daniel Caesar, Kali Uchis",R&b,https://i.scdn.co/image/ab67616d0000b2733138f891f3075c9c5d944037,2017-08-25
7MXVkk9YMctZqd1Srtv4MB,Starboy,"The Weeknd, Daft Punk",R&b,https://i.scdn.co/image/ab67616d0000b2734718e2b124f79258be7bc452,2016-11-25
3XgGQ1wjo5khvq2UImjyNF,ALL MINE,Brent Faiyaz,R&b,https://i.scdn.co/image/ab67616d0000b27369f63a842ea91ca7c522593a,2022-07-08
2LBqCSwhJGcFQeTHMVGwy3,Die For You,The Weeknd,R&b,https://i.scdn.co/image/ab67616d0000b273a048415db06a5b6fa7ec4e1a,2016-11-24
5PvVkf1Yuq3XyMqqjPiKPd,Been Away,Brent Faiyaz,R&b,https://i.scdn.co/image/ab67616d0000b2736a463f436bbf07f3c9e8c62a,2020-02-07
0VjIjW4GlUZAMYd2vXMi3b,Blinding Lights,The Weeknd,R&b,https://i.scdn.co/image/ab67616d0000b2738863bc11d2aa12b54f5aeb36,2020-03-20
5gDWsRxpJ2lZAffh5p7K0w,Stargirl Interlude,"The Weeknd, Lana Del Rey",R&b,https://i.scdn.co/image/ab67616d0000b273a048415db06a5b6fa7ec4e1a,2016-11-24
7fBv7CLKzipRk6EC6TWHOB,The Hills,The Weeknd,R&b,https://i.scdn.co/image/ab67616d0000b2737fcead687e99583072cc217b,2015-08-28
3OHfY25tqY28d16oZczHc8,Kill Bill,SZA,R&b,https://i.scdn.co/image/ab67616d0000b27370dbc9f47669d120ad874ec1,2022-12-09
3a3dQOO19moXPeTt2PomoT,What You Heard,Sonder,R&b,https://i.scdn.co/image/ab67616d0000b2739852437d39690c760e108a14,2019-02-22
2fXwCWkh6YG5zU1IyvQrbs,Broken Clocks,SZA,R&b,https://i.scdn.co/image/ab67616d0000b2734c79d5ec52a6d0302f3add25,2017-06-09
73RbfOTJIjHzi2pcVHjeHM,What It Is (Solo Version),Doechii,R&b,https://i.scdn.co/image/ab67616d0000b2732ee85751f6f503fa9a533eba,2023-03-17
0W4NhJhcqKCqEP2GIpDCDq,Love,Keyshia Cole,R&b,https://i.scdn.co/image/ab67616d0000b2732cc2323c681b3f84cdc8379a,2005-01-01
5NijSs5dAwaIybq1GaRTIe,Poison,Brent Faiyaz,R&b,https://i.scdn.co/image/ab67616d0000b2731a0d446b811ad07512eb19df,2016-08-03
0oufSLnKQDoBFX5mgkDCgR,Trust,Brent Faiyaz,R&b,https://i.scdn.co/image/ab67616d0000b273bf3e522cd3fed64ae064095f,2018-10-19
2IlT65thKQQw248mhk2PjQ,JACKIE BROWN,Brent Faiyaz,R&b,https://i.scdn.co/image/ab67616d0000b27369f63a842ea91ca7c522593a,2022-07-08
1N8TTK1Uoy7UvQNUazfUt5,SPIT IN MY FACE!,ThxSoMch,R&b,https://i.scdn.co/image/ab67616d0000b27360ddc59c8d590a37cf2348f3,2022-12-20
15EPc80XuFrb2LmOzGjuRg,Crew (feat. Brent Faiyaz & Shy Glizzy),"GoldLink, Brent Faiyaz, Shy Glizzy",R&b,https://i.scdn.co/image/ab67616d0000b2737bcd3cd54e8399ae38cc6e64,2017-03-24
43PuMrRfbyyuz4QpZ3oAwN,Exchange,Bryson Tiller,R&b,https://i.scdn.co/image/ab67616d0000b273d5f3cea8affdca01a0dc754f,2015-10-02
1RMJOxR6GRPsBHL8qeC2ux,Best Part (feat. H.E.R.),"Daniel Caesar, H.E.R.",R&b,https://i.scdn.co/image/ab67616d0000b2733138f891f3075c9c5d944037,2017-08-25
5rb9QrpfcKFHM1EUbSIurX,Yeah! (feat. Lil Jon & Ludacris),"USHER, Lil Jon, Ludacris",R&b,https://i.scdn.co/image/ab67616d0000b273365b3fb800c19f7ff72602da,2004-03-23
0cVyQfDyRnMJ0V3rjjdlU3,Lil Boo Thang,Paul Russell,R&b,https://i.scdn.co/image/ab67616d0000b273811b8a1d3649f63af1d5fb65,2023-08-18
2pg2TiYo9Rb8KeB5JjP7jS,Sativa,"Jhene Aiko, Swae Lee",R&b,https://i.scdn.co/image/ab67616d0000b2737ccc8005498d9f75b03333c2,2017-09-22
2wSTnntOPRi7aQneobFtU4,Shirt,SZA,R&b,https://i.scdn.co/image/ab67616d0000b27370dbc9f47669d120ad874ec1,2022-12-09
1boXOL0ua7N2iCOUVI1p9F,Japanese Denim,Daniel Caesar,R&b,https://i.scdn.co/image/ab67616d0000b273617c314e94693fad9a26f798,2016-10-21
09mEdoA6zrmBPgTEN5qXmN,Call Out My Name,The Weeknd,R&b,https://i.scdn.co/image/ab67616d0000b2731f6a2a40bb692936879db730,2018-03-30
1KGi9sZVMeszgZOWivFpxs,No Scrubs,TLC,R&b,https://i.scdn.co/image/ab67616d0000b27361ffafd5e31a37336531cf95,1999-02-23
2eAvDnpXP5W0cVtiI0PUxV,Dandelions,Ruth B.,R&b,https://i.scdn.co/image/ab67616d0000b27397e971f3e53475091dc8d707,2017-05-05
2xZ0zfuDTv5LxLhEgD82PG,Awkward,SZA,R&b,https://i.scdn.co/image/ab67616d0000b2731882add8fd275c04e322027d,2022-06-09
0q75NwOoFiARAVp4EXU4Bs,Love Galore (feat. Travis Scott),"SZA, Travis Scott",R&b,https://i.scdn.co/image/ab67616d0000b2734c79d5ec52a6d0302f3add25,2017-06-09
14SaZBTjxlorHJQxXh01Hu,Girls Need Love (with Drake) - Remix,"Summer Walker, Drake",R&b,https://i.scdn.co/image/ab67616d0000b273fb023e6073e38a52082cc7b6,2018-10-19
0zWbYGQq5O1KQd0iqzgjP6,Rehab (Winter In Paris),Brent Faiyaz,R&b,https://i.scdn.co/image/ab67616d0000b2736a463f436bbf07f3c9e8c62a,2020-02-07
5IgjP7X4th6nMNDh4akUHb,Under The Influence,Chris Brown,R&b,https://i.scdn.co/image/ab67616d0000b2739a494f7d8909a6cc4ceb74ac,2019-10-04
1xzi1Jcr7mEi9K2RfzLOqS,CUFF IT,Beyonce,R&b,https://i.scdn.co/image/ab67616d0000b2730e58a0f8308c1ad403d105e7,2022-07-29
1cKHdTo9u0ZymJdPGSh6nq,I Was Never There,"The Weeknd, Gesaffelstein",R&b,https://i.scdn.co/image/ab67616d0000b2731f6a2a40bb692936879db730,2018-03-30
4PMqSO5qyjpvzhlLI5GnID,Good Days,SZA,R&b,https://i.scdn.co/image/ab67616d0000b27370dbc9f47669d120ad874ec1,2022-12-09
5IVuqXILoxVWvWEPm82Jxr,Crazy In Love (feat. Jay-Z),"Beyonce, JAY-Z",R&b,https://i.scdn.co/image/ab67616d0000b27345680a4a57c97894490a01c1,2003-06-24
7D7e6hm2LiNd6nLuJF6K9Q,Hex,80purppp,R&b,https://i.scdn.co/image/ab67616d0000b2736c0177e9b0c53a7587979ca2,2018-03-12
5rgrBsAFYMun6yhtnLKRPz,Right My Wrongs,Bryson Tiller,R&b,https://i.scdn.co/image/ab67616d0000b273d5f3cea8affdca01a0dc754f,2015-10-02
0RBw4ODUQPO4cuAOZtBGga,Hurts Me,"Tory Lanez, Trippie Redd, Yoko Gold",R&b,https://i.scdn.co/image/ab67616d0000b2731dba361996f5b70c1df2b4ee,2023-06-27
5Z3GHaZ6ec9bsiI5BenrbY,Young Dumb & Broke,Khalid,R&b,https://i.scdn.co/image/ab67616d0000b273988ede5e1276e758b5f9e577,2017-04-27
5QO79kh1waicV47BqGRL3g,Save Your Tears,The Weeknd,R&b,https://i.scdn.co/image/ab67616d0000b2738863bc11d2aa12b54f5aeb36,2020-03-20
2Ch7LmS7r2Gy2kc64wv3Bz,Die For You,The Weeknd,R&b,https://i.scdn.co/image/ab67616d0000b2734718e2b124f79258be7bc452,2016-11-25
6oEVnWKgPqIEPc53OYDNqG,Could've Been (feat. Bryson Tiller),"H.E.R., Bryson Tiller",R&b,https://i.scdn.co/image/ab67616d0000b2732066a381ebbbb1f8312764e7,2019-08-30
3YJJjQPAbDT7mGpX3WtQ9A,Good Days,SZA,R&b,https://i.scdn.co/image/ab67616d0000b2733097b1375ab17ae5bf302a0a,2020-12-25
6bnF93Rx87YqUBLSgjiMU8,Heartless,The Weeknd,R&b,https://i.scdn.co/image/ab67616d0000b2738863bc11d2aa12b54f5aeb36,2020-03-20
5YABYtKx9qa56vBjlXDbmw,Snooze (Acoustic) (feat. Justin Bieber),"SZA, Justin Bieber",R&b,https://i.scdn.co/image/ab67616d0000b2734f68e7b4b983953a0f188447,2023-09-15
37F0uwRSrdzkBiuj0D5UHI,Reminder,The Weeknd,R&b,https://i.scdn.co/image/ab67616d0000b2734718e2b124f79258be7bc452,2016-11-25
5QDGKcQLqOJvoiu8eScEaM,Let Em' Know,Bryson Tiller,R&b,https://i.scdn.co/image/ab67616d0000b273d5f3cea8affdca01a0dc754f,2015-10-02
5mHdCZtVyb4DcJw8799hZp,Escapism.,"RAYE, 070 Shake",R&b,https://i.scdn.co/image/ab67616d0000b27394e5237ce925531dbb38e75f,2023-02-03
609E1JCInJncactoMmkDon,BESO,"ROSALIA, Rauw Alejandro",R&b,https://i.scdn.co/image/ab67616d0000b2734d6cf0d0d5e32ca4fa3a59e1,2023-03-24
19kHhX6f6EfLU7rcO3RqjO,Back On 74,Jungle,R&b,https://i.scdn.co/image/ab67616d0000b27377619f14cb03e11baf5761d1,2023-08-11
22VdIZQfgXJea34mQxlt81,Can't Feel My Face,The Weeknd,R&b,https://i.scdn.co/image/ab67616d0000b2737fcead687e99583072cc217b,2015-08-28
6gU9OKjOE7ghfEd55oRO57,The Weekend,SZA,R&b,https://i.scdn.co/image/ab67616d0000b2734c79d5ec52a6d0302f3add25,2017-06-09
0xaFw2zDYf1rIJWl2dXiSF,Open Arms (feat. Travis Scott),"SZA, Travis Scott",R&b,https://i.scdn.co/image/ab67616d0000b27370dbc9f47669d120ad874ec1,2022-12-09
6EQLN1Fl8oy46k4FMwhxug,sins (let me in),Kanii,R&b,https://i.scdn.co/image/ab67616d0000b2738a836a9d88948517a4f74833,2023-09-08
4356Typ82hUiFAynbLYbPn,DJ Got Us Fallin' In Love (feat. Pitbull),"USHER, Pitbull",R&b,https://i.scdn.co/image/ab67616d0000b27386b0c9728ad3ed338eaeea79,2010-03-30
6MdqqkQ8sSC0WB4i8PyRuQ,No Diggity,"Blackstreet, Dr. Dre, Queen Pen",R&b,https://i.scdn.co/image/ab67616d0000b27303ca37157b9ceefbe8fe225b,1996-09-09
152lZdxL1OR0ZMW6KquMif,Location,Khalid,R&b,https://i.scdn.co/image/ab67616d0000b273988ede5e1276e758b5f9e577,2017-04-27
1eIXYZWEfJO3Na2LCCnIJE,Love Language,SZA,R&b,https://i.scdn.co/image/ab67616d0000b27370dbc9f47669d120ad874ec1,2022-12-09
5nkUIVKqOqdpB6ApKgEMkv,Stay Ready (What A Life),"Jhene Aiko, Kendrick Lamar",R&b,https://i.scdn.co/image/ab67616d0000b273a0fa057b8ad3f3c4969f0c97,2013-01-01
2xyx0o4xNOLLjBSbOOdcbA,Playing Games (with Bryson Tiller) - Extended Version,"Summer Walker, Bryson Tiller",R&b,https://i.scdn.co/image/ab67616d0000b273b5ed9187ac7f8aa281a547e3,2019-10-04
5ChkMS8OtdzJeqyybCc9R5,Billie Jean,Michael Jackson,R&b,https://i.scdn.co/image/ab67616d0000b2734121faee8df82c526cbab2be,2008-02-08
4h5x3XHLVYFJaItKuO2rhy,Ghost in the Machine,"SZA, Phoebe Bridgers",R&b,https://i.scdn.co/image/ab67616d0000b27370dbc9f47669d120ad874ec1,2022-12-09
0mL82sxCRjrs3br407IdJh,Is There Someone Else?,The Weeknd,R&b,https://i.scdn.co/image/ab67616d0000b2734ab2520c2c77a1d66b9ee21d,2022-01-06
3M0lSi5WW79CXQamgSBIjx,Swim,Chase Atlantic,R&b,https://i.scdn.co/image/ab67616d0000b2735a0c2870f4f309e382d1fad6,2017-10-04
4F7A0DXBrmUAkp32uenhZt,Party Monster,The Weeknd,R&b,https://i.scdn.co/image/ab67616d0000b2734718e2b124f79258be7bc452,2016-11-25
3FAJ6O0NOHQV8Mc5Ri6ENp,Heartbreak Anniversary,Giveon,R&b,https://i.scdn.co/image/ab67616d0000b2733317fc12f8b9a9a0b8459766,2020-03-27
6qL5UWxRSQYml9O99ozoLv,Love Songs - Bonus,Kaash Paige,R&b,https://i.scdn.co/image/ab67616d0000b27387a86b99f8dde9c7d7e3bf62,2019-11-15
0PJIbOdMs3bd5AT8liULMQ,oui,Jeremih,R&b,https://i.scdn.co/image/ab67616d0000b273262c8e955ad5c60b1d0abf53,2015-12-04
5c3luoCub1Z1Gg74NdNtuq,Belong to the City,PARTYNEXTDOOR,R&b,https://i.scdn.co/image/ab67616d0000b2736cfa297b0178fd91dca5c4f1,2014-07-29
1cFKKdG6gmpptMBFxasJOE,WY@,Brent Faiyaz,R&b,https://i.scdn.co/image/ab67616d0000b273bc9621a29fb10ff43c809940,2023-09-19
3LfHBTYZBTqmz43tvVXJBd,Deep,Summer Walker,R&b,https://i.scdn.co/image/ab67616d0000b273fb023e6073e38a52082cc7b6,2018-10-19
4PhsKqMdgMEUSstTDAmMpg,Often,The Weeknd,R&b,https://i.scdn.co/image/ab67616d0000b2737fcead687e99583072cc217b,2015-08-28
6qfSVbwUePXBuSakLOUP31,Party Monster,The Weeknd,R&b,https://i.scdn.co/image/ab67616d0000b2733ef6206c1f9b3403b7354e45,2023-10-16
08EBhvVulx6W9gUTsh5y1Q,After Hours,The Weeknd,R&b,https://i.scdn.co/image/ab67616d0000b273f8cbe59d62cfece493c97fdd,2023-10-16
7D9QsVxG2HilpUEEZVEXaT,Blinding Lights,The Weeknd,R&b,https://i.scdn.co/image/ab67616d0000b2733ef6206c1f9b3403b7354e45,2023-10-16
2aGXyS3uERJo8QEhbNoppX,Die For You,The Weeknd,R&b,https://i.scdn.co/image/ab67616d0000b2730a3270253e2110a0effa9fb8,2023-10-06
5iObvl8bnyP1zrBo3BOPRN,Blinding Lights,The Weeknd,R&b,https://i.scdn.co/image/ab67616d0000b27355dcdd50610e8defec94c1cc,2023-10-18
43hEFWeb4xhozQ3H6mT6Sc,Party Monster,The Weeknd,R&b,https://i.scdn.co/image/ab67616d0000b273f8cbe59d62cfece493c97fdd,2023-10-16
5xo4fvP1UXf095Rm0nQnYX,Call Out My Name,The Weeknd,R&b,https://i.scdn.co/image/ab67616d0000b2736e36512f24efce5b0a0068c9,2023-10-17
7jI5ViATIC8iIeVhKaLj2s,Die For You,The Weeknd,R&b,https://i.scdn.co/image/ab67616d0000b273884e032e65aba56840252d90,2023-10-16
1JHzub9QNx9ZY3EpFjmW5Z,Starboy,"The Weeknd, Daft Punk",R&b,https://i.scdn.co/image/ab67616d0000b2735d903820b48711d9a2f184ca,2023-10-11
3NDtRQkS09FszEzLbkmZT7,Starboy,"The Weeknd, Daft Punk",R&b,https://i.scdn.co/image/ab67616d0000b273884e032e65aba56840252d90,2023-10-16
0yIvrC9BlwDCzpGrQ8Pjxa,Save Your Tears,The Weeknd,R&b,https://i.scdn.co/image/ab67616d0000b273aa208691bab2547c74cca2c0,2023-10-17
460bkQPAkmSWq9WYHYgqyj,Die For You,The Weeknd,R&b,https://i.scdn.co/image/ab67616d0000b2738459b9c941231903601b0656,2023-10-10
65oRsY1l38epIKNRmOzuDZ,Blinding Lights,The Weeknd,R&b,https://i.scdn.co/image/ab67616d0000b273e90e4213690ec925ffcb2296,2023-10-16
36naJUGTa5nfjyhbkUwH1y,Can't Feel My Face,The Weeknd,R&b,https://i.scdn.co/image/ab67616d0000b27325d089bf6aa2b7c0a66d90f0,2023-10-15
7eHcAiijxOJQMhKOjmyNmv,Blinding Lights,The Weeknd,R&b,https://i.scdn.co/image/ab67616d0000b273141be778df479436945e5b4f,2023-10-13
