album_id,album_name,album_artist,album_genre,album_image,album_release_date
7x9aauaA9cu6tyfpHnqDLo,Seven (feat. Latto) (Explicit Ver.),"Jung Kook, Latto",k-pop,https://i.scdn.co/image/ab67616d0000b273bf5cce5a0e1ed03a626bdd74,2023-07-14
6ehWdR7cGDXnT7aKEASJxE,3D (feat. Jack Harlow),"Jung Kook, Jack Harlow",k-pop,https://i.scdn.co/image/ab67616d0000b273409a2d7bd4b2238e4aaa7bf5,2023-09-29
3Ua0m0YmEjrMi9XErKcNiR,Like Crazy,Jimin,k-pop,https://i.scdn.co/image/ab67616d0000b2732b46078245d0120690eb560d,2023-03-24
5sdQOyqq2IDhvmx2lHOpwd,Super Shy,NewJeans,k-pop,https://i.scdn.co/image/ab67616d0000b2733d98a0ae7c78a3a9babaf8af,2023-07-07
58BWnoFDNaeM0vwA0K3fqb,Like Crazy,Jimin,k-pop,https://i.scdn.co/image/ab67616d0000b273f9638e7ed5b7d42e9c514195,2023-03-26
7FbrGaHYVDmfr7KoLIZnQ7,Cupid - Twin Ver.,FIFTY FIFTY,k-pop,https://i.scdn.co/image/ab67616d0000b27337c0b3670236c067c8e8bbcb,2023-02-24
56v8WEnGzLByGsDAXDiv4d,ETA,NewJeans,k-pop,https://i.scdn.co/image/ab67616d0000b2730744690248ef3ba7b776ea7b,2023-07-21
0u8rZGtXJrLtiSe34FPjGG,Like Crazy (English Version),Jimin,k-pop,https://i.scdn.co/image/ab67616d0000b2732b46078245d0120690eb560d,2023-03-24
65FftemJ1DbbZ45DUfHJXE,OMG,NewJeans,k-pop,https://i.scdn.co/image/ab67616d0000b273d70036292d54f29e8b68ec01,2023-01-02
5Avril3IZ26DPVFHbJX8o6,Seven (feat. Latto) (Clean Ver.),"Jung Kook, Latto",k-pop,https://i.scdn.co/image/ab67616d0000b273bf5cce5a0e1ed03a626bdd74,2023-07-14
6rdkCkjk6D12xRpdMXy0I2,New Jeans,NewJeans,k-pop,https://i.scdn.co/image/ab67616d0000b2733d98a0ae7c78a3a9babaf8af,2023-07-07
02wk5BttM0QL38ERjLPQJB,Cool With You,NewJeans,k-pop,https://i.scdn.co/image/ab67616d0000b2730744690248ef3ba7b776ea7b,2023-07-21
3r8RuvgbX9s7ammBn07D3W,Ditto,NewJeans,k-pop,https://i.scdn.co/image/ab67616d0000b273edf5b257be1d6593e81bb45f,2022-12-19
3gTQwwDNJ42CCLo3Sf4JDd,S-Class,Stray Kids,k-pop,https://i.scdn.co/image/ab67616d0000b273e27ba26bc14a563bf3d09882,2023-06-02
1wUnuiXMMvhudmzvcCtlZP,Get Up,NewJeans,k-pop,https://i.scdn.co/image/ab67616d0000b2730744690248ef3ba7b776ea7b,2023-07-21
0a4MMyCrzT0En247IhqZbD,Hype Boy,NewJeans,k-pop,https://i.scdn.co/image/ab67616d0000b2739d28fd01859073a3ae6ea209,2022-08-01
7mpdNiaQvygj2rHoxkzMfa,Bite Me,ENHYPEN,k-pop,https://i.scdn.co/image/ab67616d0000b2731d03b5e88cee6870778a4d27,2023-05-22
01qFKNWq73UfEslI0GvumE,3D (feat. Jack Harlow),"Jung Kook, Jack Harlow",k-pop,https://i.scdn.co/image/ab67616d0000b27399583bb32b47e87d55c6064b,2023-10-02
6uTPA1xlcsk6dbchB2dhzl,Back for More (with Anitta),"TOMORROW X TOGETHER, Anitta",k-pop,https://i.scdn.co/image/ab67616d0000b273120b1c20ac6c8ff9452ee4d8,2023-09-15
0wHFktze2PHC5jDt3B17DC,First Class,Jack Harlow,k-pop,https://i.scdn.co/image/ab67616d0000b2738e55edb69ca44a25b52b17bb,2022-05-06
4uOBL4DDWWVx4RhYKlPbPC,Queencard,(G)I-DLE,k-pop,https://i.scdn.co/image/ab67616d0000b27382dd2427e6d302711b1b9616,2023-05-15
4SFknyjLcyTLJFPKD2m96o,How You Like That,BLACKPINK,k-pop,https://i.scdn.co/image/ab67616d0000b2737dd8f95320e8ef08aa121dfe,2020-10-02
2pIUpMhHL6L9Z5lnKxJJr9,Attention,NewJeans,k-pop,https://i.scdn.co/image/ab67616d0000b2739d28fd01859073a3ae6ea209,2022-08-01
1acVBP8BcK6LTeNeFjfxnh,seasons,wave to earth,k-pop,https://i.scdn.co/image/ab67616d0000b273c091fe6573f073f2e31b249f,2020-08-04
3OdIiWnYRHPYtC313Z0Bwy,Face-off,Jimin,k-pop,https://i.scdn.co/image/ab67616d0000b2732b46078245d0120690eb560d,2023-03-24
1mFpMoeZfkIqtqW2AfQ8ba,THE GIRLS - BLACKPINK THE GAME OST,BLACKPINK,k-pop,https://i.scdn.co/image/ab67616d0000b27381b059b0093259b70170b64b,2023-08-25
2pLZ6tUBapqlngc9lnYz4M,3D (Alternate Ver.),Jung Kook,k-pop,https://i.scdn.co/image/ab67616d0000b273409a2d7bd4b2238e4aaa7bf5,2023-09-29
6gcuJpHu0Ey30D5WR76y98,You & Me,JENNIE,k-pop,https://i.scdn.co/image/ab67616d0000b2738cd1023ed6ec97598937d55c,2023-10-06
0eFMbKCRw8KByXyWBw8WO7,Still With You,Jung Kook,k-pop,https://i.scdn.co/image/ab67616d0000b273a7f42c375578df426b37638d,2020-06-05
7kaFsQygyiCqRboWCXztxZ,Do It Like That,"TOMORROW X TOGETHER, Jonas Brothers",k-pop,https://i.scdn.co/image/ab67616d0000b2732e01544530dbd825e0219965,2023-07-07
1jaTQ3nqY3oAAYyCTbIvnM,WHATS POPPIN,Jack Harlow,k-pop,https://i.scdn.co/image/ab67616d0000b27305a448540b069450ccfba889,2020-03-13
5IAESfJjmOYu7cHyX557kz,Take Two,BTS,k-pop,https://i.scdn.co/image/ab67616d0000b2738a701e76e8845928f6cd81c8,2023-06-09
6EY9e6LyPWmL8hUS5E1P0h,Like Crazy (English Version),Jimin,k-pop,https://i.scdn.co/image/ab67616d0000b273f9638e7ed5b7d42e9c514195,2023-03-26
6zZWoHlF2zNSLUNLvx4GUl,Better Things,aespa,k-pop,https://i.scdn.co/image/ab67616d0000b27340157e24ffc34938be2b5341,2023-08-18
59hBR0BCtJsfIbV9VzCVAp,Set Me Free Pt.2,Jimin,k-pop,https://i.scdn.co/image/ab67616d0000b2734f4ec2c2a865569bd4a067a4,2023-03-17
5Hfnps0jaWFpYg55WOPexG,Alone,Jimin,k-pop,https://i.scdn.co/image/ab67616d0000b2732b46078245d0120690eb560d,2023-03-24
5QDLhrAOJJdNAmCTJ8xMyW,Dynamite,BTS,k-pop,https://i.scdn.co/image/ab67616d0000b273c07d5d2fdc02ae252fcd07e5,2020-11-20
4QhnNyKDsAkXPwHkSnuc89,"Eve, Psyche & The Bluebeard? s wife",LE SSERAFIM,k-pop,https://i.scdn.co/image/ab67616d0000b273d71fd77b89d08bc1bda219c7,2023-05-01
0h7QMc9ZRzA9QJrbEHytn2,The Astronaut,JIN,k-pop,https://i.scdn.co/image/ab67616d0000b27343aaff780ea621da5ce4eb0a,2022-10-28
3w1WjD2zJqjBjDz5fwqQPJ,Tyler Herro,Jack Harlow,k-pop,https://i.scdn.co/image/ab67616d0000b273aeb14ead136118a987246b63,2020-12-11
0TaaG2kxjzSjVbmmiiSZEa,3D (feat. Jack Harlow) (Clean Ver.),"Jung Kook, Jack Harlow",k-pop,https://i.scdn.co/image/ab67616d0000b27399583bb32b47e87d55c6064b,2023-10-02
5KyOUICJIvO0z71MBdPGiX,BOUNCY (K-HOT CHILLI PEPPERS),ATEEZ,k-pop,https://i.scdn.co/image/ab67616d0000b273ba27e1c8a572e31571a4d589,2023-06-16
70t7Q6AYG6ZgTYmJWcnkUM,I AM,IVE,k-pop,https://i.scdn.co/image/ab67616d0000b27325ef3cec1eceefd4db2f91c8,2023-04-10
7hU3IHwjX150XLoTVmjD0q,MONEY,LISA,k-pop,https://i.scdn.co/image/ab67616d0000b273330f11fb125bb80b760f9e19,2021-09-10
1fpj1CJPxY3YvN3AMAEYvt,Set Me Free Pt.2,Jimin,k-pop,https://i.scdn.co/image/ab67616d0000b2732b46078245d0120690eb560d,2023-03-24
51vRumtqbkNW9wrKfESwfu,UNFORGIVEN (feat. Nile Rodgers),"LE SSERAFIM, Nile Rodgers",k-pop,https://i.scdn.co/image/ab67616d0000b273d71fd77b89d08bc1bda219c7,2023-05-01
3AOf6YEpxQ894FmrwI9k96,Super,SEVENTEEN,k-pop,https://i.scdn.co/image/ab67616d0000b27380e31ba0c05187e6310ef264,2023-04-24
0fkL0fOhEzRK8WFe2ixt2d,Social Path,"Stray Kids, LiSA",k-pop,https://i.scdn.co/image/ab67616d0000b273270ec2f0731d60117f1c8315,2023-08-30
5expoVGQPvXuwBBFuNGqBd,Hurt,NewJeans,k-pop,https://i.scdn.co/image/ab67616d0000b2739d28fd01859073a3ae6ea209,2022-08-01
0rhI6gvOeCKA502RdJAbfs,Sugar Rush Ride,TOMORROW X TOGETHER,k-pop,https://i.scdn.co/image/ab67616d0000b2733bb056e3160b85ee86c1194d,2023-01-27
2DwUdMJ5uxv20EhAildreg,Cookie,NewJeans,k-pop,https://i.scdn.co/image/ab67616d0000b2739d28fd01859073a3ae6ea209,2022-08-01
0Vz146N2GxkVJw4kSGXrNi,You & Me (Coachella ver.),JENNIE,k-pop,https://i.scdn.co/image/ab67616d0000b2738cd1023ed6ec97598937d55c,2023-10-06
0L8LOav65XwLjCLS11gNPD,Typa Girl,BLACKPINK,k-pop,https://i.scdn.co/image/ab67616d0000b2734aeaaeeb0755f1d8a8b51738,2022-09-16
50Af7YTMHGNbYyvgofTAGf,Seven (feat. Latto) (Clean Ver.),"Jung Kook, Latto",k-pop,https://i.scdn.co/image/ab67616d0000b273570b23ab8c94e857562ed8bc,2023-07-17
6ezYHltHYhuJckdCsYsRJI,Either Way,IVE,k-pop,https://i.scdn.co/image/ab67616d0000b2739013c729c55c91dad5906adc,2023-09-25
0ZPjVmof45INEERgYfadtv,Chasing That Feeling,TOMORROW X TOGETHER,k-pop,https://i.scdn.co/image/ab67616d0000b2736067880e6c410727ac5a5f8b,2023-10-13
63irPUP3xB74fHdw1Aw9zR,MANIAC,Stray Kids,k-pop,https://i.scdn.co/image/ab67616d0000b2733613e1e0d35867a0814005a9,2022-03-18
69CrOS7vEHIrhC2ILyEi0s,FLOWER,JISOO,k-pop,https://i.scdn.co/image/ab67616d0000b273f35b8a6c03cc633f734bd8ac,2023-03-31
3syxwxJqX5jpgjNYmvzdW6,CAKE,ITZY,k-pop,https://i.scdn.co/image/ab67616d0000b2734c2fcea217112b13312f8fb2,2023-07-31
69xohKu8C1fsflYAiSNbwM,Run BTS,BTS,k-pop,https://i.scdn.co/image/ab67616d0000b27317db30ce3f081d6818a8ad49,2022-06-10
5wxYxygyHpbgv0EXZuqb9V,on the street (with J. Cole),"j-hope, J. Cole",k-pop,https://i.scdn.co/image/ab67616d0000b2735e8286ff63f7efce1881a02b,2023-03-03
2gYj9lubBorOPIVWsTXugG,After LIKE,IVE,k-pop,https://i.scdn.co/image/ab67616d0000b27387f53da5fb4ab1171766b2d5,2022-08-22
1wcr8DjnN59Awev8nnKpQ4,Drunk-Dazed,ENHYPEN,k-pop,https://i.scdn.co/image/ab67616d0000b273714e56679ab196354e2e443e,2021-04-26
739WUU1tPFLO4x4HJq561K,Cupid - Twin Ver.,FIFTY FIFTY,k-pop,https://i.scdn.co/image/ab67616d0000b2733013522be45e72a9b2514dd8,2023-09-22
4XPXrcpyNr30Km6aPiflJy,God? s Menu,Stray Kids,k-pop,https://i.scdn.co/image/ab67616d0000b273fad8c4176e8df7173479f959,2020-06-17
1RDvyOk4WtPCtoqciJwVn8,Dreamers [Music from the FIFA World Cup Qatar 2022 Official Soundtrack],"Jung Kook, BTS, FIFA Sound",k-pop,https://i.scdn.co/image/ab67616d0000b273ef57183066d6cac0cabb85c6,2022-11-20
0kwrPQkiGVE8KTHalH1uMo,Super Shy,NewJeans,k-pop,https://i.scdn.co/image/ab67616d0000b2730744690248ef3ba7b776ea7b,2023-07-21
7woEDtme8YkFiWeyiinIjy,New Jeans,NewJeans,k-pop,https://i.scdn.co/image/ab67616d0000b2730744690248ef3ba7b776ea7b,2023-07-21
6ZUdN0SmTwV7orWD14Emwl,Seven (feat. Latto) (Clean Ver.),"Jung Kook, Latto",k-pop,https://i.scdn.co/image/ab67616d0000b2731f9db1e2f1d8705812883368,2023-08-25
2MbdDtCv5LUVjYy9RuGTgC,"WHATS POPPIN (feat. DaBaby, Tory Lanez & Lil Wayne) - Remix","Jack Harlow, Tory Lanez, DaBaby, Lil Wayne",k-pop,https://i.scdn.co/image/ab67616d0000b273b5f0a8d46cef9647548c64dc,2020-06-24
4yk9mD1iZpUg2HE3z9HhdP,Seven (feat. Latto) (Clean Ver.),"Jung Kook, Latto",k-pop,https://i.scdn.co/image/ab67616d0000b2736a0314aeb326cd922f77956f,2023-07-21
0Q5VnK2DYzRyfqQRJuUtvi,LOVE DIVE,IVE,k-pop,https://i.scdn.co/image/ab67616d0000b2739016f58cc49e6473e1207093,2022-04-05
3O8G8eVrhfXTGttyQ1xVuq,CASE 143,Stray Kids,k-pop,https://i.scdn.co/image/ab67616d0000b27385bcbbac459056ad6ee9426b,2022-10-07
7jzOZuWgZ5gaMet9V5Ix1d,Fast Forward,JEON SOMI,k-pop,https://i.scdn.co/image/ab67616d0000b2737da22ba88dfc26a18122ee2d,2023-08-07
7gRFDGEzF9UkBV233yv2dc,Shut Down,BLACKPINK,k-pop,https://i.scdn.co/image/ab67616d0000b273002ef53878df1b4e91c15406,2022-09-15
5HrIcZOo1DysX53qDRlRnt,Shoong! (feat. LISA of BLACKPINK),"TAEYANG, LISA",k-pop,https://i.scdn.co/image/ab67616d0000b27346313223adf2b6d726388328,2023-04-25
3v5o91PrUtf0nmO6j8J7dZ,LEFT RIGHT,XG,k-pop,https://i.scdn.co/image/ab67616d0000b2733f40fd20e67b865fca5391a3,2023-01-25
7sDkXyDikXhpRz715MdiEp,PUPPET SHOW,XG,k-pop,https://i.scdn.co/image/ab67616d0000b273e9b58064013b722f09296b3e,2023-09-27
5zwwW9Oq7ubSxoCGyW1nbY,Pink Venom,BLACKPINK,k-pop,https://i.scdn.co/image/ab67616d0000b273002ef53878df1b4e91c15406,2022-09-15
3t1TAfnoXfnMclelI70UaX,Seven (feat. Latto) (Explicit Ver.),"Jung Kook, Latto",k-pop,https://i.scdn.co/image/ab67616d0000b273570b23ab8c94e857562ed8bc,2023-07-17
4i2T7Nm4Q72sNnSlGADSm6,light,wave to earth,k-pop,https://i.scdn.co/image/ab67616d0000b273666efc476444cf734af19ced,2019-11-18
39mR7R6oZOa1K9deHnOKqE,Seven (feat. Latto) (Explicit Ver.),"Jung Kook, Latto",k-pop,https://i.scdn.co/image/ab67616d0000b2736a0314aeb326cd922f77956f,2023-07-21
5EtiQveQFQy0R05hLVDyKv,Fact Check,NCT 127,k-pop,https://i.scdn.co/image/ab67616d0000b273e9fc95cc1d0fba3d48ce2d39,2023-10-06
0f0SbtoKGe41cX5LzlnX6X,Tinnitus (Wanna be a rock),TOMORROW X TOGETHER,k-pop,https://i.scdn.co/image/ab67616d0000b2733bb056e3160b85ee86c1194d,2023-01-27
2dSKFFNoNXKo3hPnlwUdPe,They Don't Love It,Jack Harlow,k-pop,https://i.scdn.co/image/ab67616d0000b273ef51095309fee985f2bc6987,2023-04-28
0UzymivvUH5s8z4PeWZJaK,FEVER,ENHYPEN,k-pop,https://i.scdn.co/image/ab67616d0000b273714e56679ab196354e2e443e,2021-04-26
0RDqNCRBGrSegk16Avfzuq,Talk that Talk,TWICE,k-pop,https://i.scdn.co/image/ab67616d0000b273c3040848e6ef0e132c5c8340,2022-08-26
3G7MgLuWLzUJQflWOCDZit,Off The Record,IVE,k-pop,https://i.scdn.co/image/ab67616d0000b273e5cc60bec326c779d17ee76e,2023-10-06
2aWVaW1p2kUc5yuKwBmRJi,I WANNA SEE SOME ASS (feat. jetsonmade),"Jack Harlow, jetsonmade",k-pop,https://i.scdn.co/image/ab67616d0000b27305a448540b069450ccfba889,2020-03-13
5mg3VB3Qh7jcR5kAAC4DSV,Cupid,FIFTY FIFTY,k-pop,https://i.scdn.co/image/ab67616d0000b27337c0b3670236c067c8e8bbcb,2023-02-24
1ULdASrNy5rurl1TZfFaMP,Spicy,aespa,k-pop,https://i.scdn.co/image/ab67616d0000b27304878afb19613a94d37b29ce,2023-05-08
5TZKpQFKCbIlWGD8DzHbC6,bad,wave to earth,k-pop,https://i.scdn.co/image/ab67616d0000b273c21555708975ad94b1faf422,2023-04-20
6hvczQ05jc1yGlp9zhb95V,Kill This Love,BLACKPINK,k-pop,https://i.scdn.co/image/ab67616d0000b273e20e5c366b497518353497b0,2019-04-05
308Ir17KlNdlrbVLHWhlLe,The Feels,TWICE,k-pop,https://i.scdn.co/image/ab67616d0000b273d1961ecb307c9e05ec8f7e82,2021-11-12
4lQsB3ERTWSNaAN1IkuNRl,DDU-DU DDU-DU,BLACKPINK,k-pop,https://i.scdn.co/image/ab67616d0000b273bfd46639322b597331d9ecef,2018-06-15
4a9tbd947vo9K8Vti9JwcI,Boy With Luv (feat. Halsey),"BTS, Halsey",k-pop,https://i.scdn.co/image/ab67616d0000b27318d0ed4f969b376893f9a38f,2019-04-12
2pozUjd7AVIPwSNDqoU3ek,Baggy Jeans,NCT U,k-pop,https://i.scdn.co/image/ab67616d0000b2730723ae056bdcdb6d2872a13f,2023-08-28
0NCs64tpWpSNNFXbu6bCAE,Seven (feat. Latto) (Explicit Ver.),"Jung Kook, Latto",k-pop,https://i.scdn.co/image/ab67616d0000b2731f9db1e2f1d8705812883368,2023-08-25
6Pjzy9avwlVr4UAbxkQQmh,NEW DANCE,XG,k-pop,https://i.scdn.co/image/ab67616d0000b27307c9742c8e4de5cee2d237e2,2023-08-23
1o844wI52S3TjXGBwvGcc7,Hold On Tight,aespa,k-pop,https://i.scdn.co/image/ab67616d0000b273fe31201bbc019b1636066dc3,2023-03-30
