album_id,album_name,album_artist,album_genre,album_image,album_release_date
6SZwj6cjc8JQbkrr8cbIUn,Oh Klahoma,Jack Stauber,Indie Pop,https://i.scdn.co/image/ab67616d0000b273f65bfa6478ec5f1895d37d8f,2017-03-25
0So2sgVa8aJiARPl2P29u2,Pope Is a Rockstar,SALES,Indie Pop,https://i.scdn.co/image/ab67616d0000b2731138eea74b6d7e06289bedaa,2016-04-20
2zmo93xTzKTP0lztR9iy9H,Coffee,Jack Stauber's Micropop,Indie Pop,https://i.scdn.co/image/ab67616d0000b27348cc1333d5c15fbf25f7c49d,2020-03-08
2mlGPkAx4kwF8Df0GlScsC,Buttercup,Jack Stauber,Indie Pop,https://i.scdn.co/image/ab67616d0000b273f65bfa6478ec5f1895d37d8f,2017-03-25
3ApAsbQP7d5GlFwwdExaTY,Poplar St,Glass Animals,Indie Pop,https://i.scdn.co/image/ab67616d0000b273ec3d15eab5bd77027abc4b23,2016-08-26
2vjWwSuvGgz8DQNMWF92A7,Saturday,Twenty One Pilots,Indie Pop,https://i.scdn.co/image/ab67616d0000b273855653151a790e87dde933d0,2023-10-10
3rtxtyV2ldcPza0NVO1dAk,Level of Concern,Twenty One Pilots,Indie Pop,https://i.scdn.co/image/ab67616d0000b2739d61449f69f96118bfa187a0,2023-10-17
6oggsRNOPAAAaXEGHdLuWo,Pop Game,Yam Haus,Indie Pop,https://i.scdn.co/image/ab67616d0000b2737f6059c2c7f8c0a988cc2beb,2020-10-23
4PRYkxqoD1wiyIVmwegAjg,Pop Off!,Dance Gavin Dance,Indie Pop,https://i.scdn.co/image/ab67616d0000b273b01942b135e9b5548a67ad13,2022-07-29
0K1KOCeJBj3lpDYxEX9qP2,Sleeping With A Friend,Neon Trees,Indie Pop,https://i.scdn.co/image/ab67616d0000b2730eab160a4646bd9789513c6f,2014-01-01
06UOL50QYtDR5l06ohu88m,I Know There's Gonna Be (Good Times),"Jamie xx, Young Thug, Popcaan",Indie Pop,https://i.scdn.co/image/ab67616d0000b273e8ac8f5ea7877d823e5df3ea,2015-06-02
1VCHNbal0VtE2plMRzvoho,Weekend,"Louis The Child, Icona Pop",Indie Pop,https://i.scdn.co/image/ab67616d0000b2737e23338ed400192ad6cde223,2016-07-01
0jjQAZ5hC7BwDOLe3W947v,LOVE + POP,"Current Joys, YOUR ANGEL",Indie Pop,https://i.scdn.co/image/ab67616d0000b273e7c9d377bb84094f1b45cc89,2023-08-04
6ceGerY7kDIMy56ztaQcEE,The Way You Felt,Alec Benjamin,Indie Pop,https://i.scdn.co/image/ab67616d0000b2739d61449f69f96118bfa187a0,2023-10-17
1pO9qQMdHak84BsqNCiNr1,Let Me Down Slowly,"Alec Benjamin, Alessia Cara",Indie Pop,https://i.scdn.co/image/ab67616d0000b27337f19a2bad281061a831299b,2023-10-13
3eOJeSvzKovpr9zAkk56zk,Devil Doesn��t Bargain,Alec Benjamin,Indie Pop,https://i.scdn.co/image/ab67616d0000b273f9db295e90105f94a2cb7248,2023-10-14
2iTma4kHADFcTlR24R8hIP,Dog Nightmare,Jack Stauber,Indie Pop,https://i.scdn.co/image/ab67616d0000b273f65bfa6478ec5f1895d37d8f,2017-03-25
6TGapnqEUkkSBanKyn5qYy,OutRight,Wild Party,Indie Pop,https://i.scdn.co/image/ab67616d0000b273b2b05168e86b0af78ede0d97,2014-10-07
2fvdQ1Uq04qE4RLN5zKBXS,Disco Yes,"Tom Misch, Poppy Ajudha",Indie Pop,https://i.scdn.co/image/ab67616d0000b273abe203531eac29d17260966f,2018-04-06
4fSc3OE9ouDmVdcZiNNbzD,Candy Pop,AWOLNATION,Indie Pop,https://i.scdn.co/image/ab67616d0000b27305daa7819c9045803d0a9b2f,2023-09-22
1w4JPzTHAcMdAGzDLzXCjF,Milk,Jack Stauber's Micropop,Indie Pop,https://i.scdn.co/image/ab67616d0000b27348cc1333d5c15fbf25f7c49d,2020-03-08
06zIBqLC9ZRm5i0iMf0kHI,Renegade - Pop Version,"Big Red Machine, Taylor Swift",Indie Pop,https://i.scdn.co/image/ab67616d0000b273f0b56f34301a37d015cbb678,2021-08-17
0Z0iYAtKYswMYXL3kJtdO4,Chasin' Honey,Wild Party,Indie Pop,https://i.scdn.co/image/ab67616d0000b273b2b05168e86b0af78ede0d97,2014-10-07
1hPajXXDa8dfTFABNZe2Ri,Mind Your Manners (feat. Icona Pop),"Chiddy Bang, Icona Pop",Indie Pop,https://i.scdn.co/image/ab67616d0000b273f34dd29bf11177daea217638,2010-09-13
0Ll1Ree2ozBuTEx7gRFHS2,Everybody Hurts,R.E.M.,Indie Pop,https://i.scdn.co/image/ab67616d0000b273d41eedcdab97a02cb5a20c69,2023-10-06
3ipBfiumiEAlrz3XnzpjM9,It's The End Of The World As We Know It (And I Feel Fine),R.E.M.,Indie Pop,https://i.scdn.co/image/ab67616d0000b273956fb0ef9e300622e34229d4,2023-10-06
2l0KF9ywMxglacqb7Nb6H0,Taking up Space,Mustard Service,Indie Pop,https://i.scdn.co/image/ab67616d0000b2739d67292c4658c1839c17b641,2017-06-17
7E86A7KZ9V738OF7Gd3pA6,Radioactive (Chuckie),"MARINA, Chuckie",Indie Pop,https://i.scdn.co/image/ab67616d0000b2732f589f4fd6a3742ba9b6e140,2023-10-13
1v3SmmWX9lHYGXii4SmAts,Violet,Wild Party,Indie Pop,https://i.scdn.co/image/ab67616d0000b273b2b05168e86b0af78ede0d97,2014-10-07
5rG6CAVA1vmZJG8RYwJdB1,Get Fucked,Mustard Service,Indie Pop,https://i.scdn.co/image/ab67616d0000b2739d67292c4658c1839c17b641,2017-06-17
44wfBT84NAT8ZU2Qd181kg,grey space,"Cavetown, chloe moriondo",Indie Pop,https://i.scdn.co/image/ab67616d0000b27366a5433e140204e847effe2a,2023-10-13
6lLfpVMhkpcldW9tTY7dIN,Pop a Pill,gianni & kyle,Indie Pop,https://i.scdn.co/image/ab67616d0000b273e9ff9f18a99be4da67244b0c,2017-10-18
17xBNfXK8l8aJ12yVAHuuj,You've Got a Friend in Me,Cavetown,Indie Pop,https://i.scdn.co/image/ab67616d0000b2732f589f4fd6a3742ba9b6e140,2023-10-13
1qmJbXpVLydNcN6VTR40GU,Zoot Suit Riot,Cherry Poppin' Daddies,Indie Pop,https://i.scdn.co/image/ab67616d0000b27378f0c650c7a4f7eed7e3e7e3,1997-03-18
4CKhBJA0G3eqgyff3DaM5V,Microwave Popcorn,Bo Burnham,Indie Pop,https://i.scdn.co/image/ab67616d0000b273b2c7ecf239a2b98e36e009d6,2022-06-03
1ehFB58uEXh2SnM69VmhFl,Gatsby,"Current Joys, Lil Yachty",Indie Pop,https://i.scdn.co/image/ab67616d0000b273e7c9d377bb84094f1b45cc89,2023-08-04
4CM00vRilanLnW0FZNVUdQ,Teenager In Love,Neon Trees,Indie Pop,https://i.scdn.co/image/ab67616d0000b2730eab160a4646bd9789513c6f,2014-01-01
5E3dnzgxLurqcxyzP0vrAl,Are You Bored Yet?,"Wallows, Clairo",Indie Pop,https://i.scdn.co/image/ab67616d0000b273ea0bd11e33d2e25d5a76b777,2023-10-07
6HiK9qjs0yuppNUR1LB9Bh,My Shadow Life,"Current Joys, Oddbody",Indie Pop,https://i.scdn.co/image/ab67616d0000b273e7c9d377bb84094f1b45cc89,2023-08-04
6ZMkpxXf3OVDFSfXKRsSI9,Fuentes de Ortiz,Ed Maverick,Indie Pop,https://i.scdn.co/image/ab67616d0000b2736e365f86bc76cc5c8d85d169,2023-10-06
1ojRut8t5RYNmLpJkEdJ3V,I WANNA BE YOUR SLAVE (with Iggy Pop),"Maneskin, Iggy Pop",Indie Pop,https://i.scdn.co/image/ab67616d0000b2731ec5b81512ed275d8b67575c,2021-08-06
2E2Dm4VSldTme94BFvnR10,Eraser,Ricky Montgomery,Indie Pop,https://i.scdn.co/image/ab67616d0000b273ea0bd11e33d2e25d5a76b777,2023-10-07
5vcWzO1FECzl3ANg0WaeJY,Bubble Pop Electric,"thquib, Hatsune Miku, GUMI",Indie Pop,https://i.scdn.co/image/ab67616d0000b273a71c4017f77d31a5e60c4c97,2021-02-26
2tQwRXBocyCGlDUpa4fRSa,Tibetan Pop Stars,Hop Along,Indie Pop,https://i.scdn.co/image/ab67616d0000b2739dd71f4b67709fca6dcc7849,2012-05-05
4Z6zEkJKFl5QmIjeC3KNTO,So You Wanna Marry Daisy,Spence Hood,Indie Pop,https://i.scdn.co/image/ab67616d0000b273d867484768a1944d6f2753db,2023-01-20
3MsEEf1w2P6X7j39yj2fkn,I Follow Rivers - The Magician Remix,"Lykke Li, The Magician",Indie Pop,https://i.scdn.co/image/ab67616d0000b273855653151a790e87dde933d0,2023-10-10
2OSNxagqs5hJ6QLssQoJ9i,Summer of Luv,"Portugal. The Man, Unknown Mortal Orchestra",Indie Pop,https://i.scdn.co/image/ab67616d0000b273806eccf528b08c2c2f8870fd,2023-10-17
1wrBv6Co3ES9Y3x7cAeABt,Summer of Luv,"Portugal. The Man, Unknown Mortal Orchestra",Indie Pop,https://i.scdn.co/image/ab67616d0000b2739d61449f69f96118bfa187a0,2023-10-17
34CPFWfKyXjisdNKtaMzvn,Feel It Still,Portugal. The Man,Indie Pop,https://i.scdn.co/image/ab67616d0000b273855653151a790e87dde933d0,2023-10-10
1ADNK53u8FtYUhkDt6WWNV,I Follow Rivers - The Magician Remix,"Lykke Li, The Magician",Indie Pop,https://i.scdn.co/image/ab67616d0000b2730b9f818b2d4cae57d6c6f565,2023-10-06
77JaHeYwlxdJeVOFi6XHaE,Dummy,Portugal. The Man,Indie Pop,https://i.scdn.co/image/ab67616d0000b273187b3d478bb761708319440d,2023-10-05
6UDWsYMH2MwgOxOS9sbnwC,Batismo,"Populous, RIVA",Indie Pop,https://i.scdn.co/image/ab67616d0000b273d2fa6cb9e30303131467e1b1,2017-06-09
5PNAsZO4JyT8fUzPyKwZ7W,Poppies,flipturn,Indie Pop,https://i.scdn.co/image/ab67616d0000b273553697592a70a6a963ab9fa3,2020-02-07
2rwGOZFpuRUxLbA8wIv6Mj,Pop the Question,Eyedress,Indie Pop,https://i.scdn.co/image/ab67616d0000b2732a960aa5c84973aa3622f417,2020-08-07
7D7GfQJaJlMZtNpB7XKwxe,My Plea,Jack Stauber,Indie Pop,https://i.scdn.co/image/ab67616d0000b273f65bfa6478ec5f1895d37d8f,2017-03-25
3WPVBSy8gle6w4Fd0NVXS7,Speak Up,POP ETC,Indie Pop,https://i.scdn.co/image/ab67616d0000b27333d6ad1275ae8ebe156686f5,2012-11-09
5nrCLS4TdKGsB1f0Z7P7XC,sick of myself,"Whethan, Nessa Barrett",Indie Pop,https://i.scdn.co/image/ab67616d0000b273806eccf528b08c2c2f8870fd,2023-10-17
5C22HmHDPKBav6xKxBzsna,sick of myself,"Whethan, Nessa Barrett",Indie Pop,https://i.scdn.co/image/ab67616d0000b2739d67a5e3eccc1f32868e8ca3,2023-10-17
3RCdw2gmZx3RaR1WlvUAQv,sick of myself,"Whethan, Nessa Barrett",Indie Pop,https://i.scdn.co/image/ab67616d0000b2730f86f90d9fb874258a879457,2023-10-14
3kBXJ4S6RsJV0tpo1jnCFf,I Love You Verne Troyer,Jack Stauber,Indie Pop,https://i.scdn.co/image/ab67616d0000b273f65bfa6478ec5f1895d37d8f,2017-03-25
1PX6pTXmfOSW5f7fMQFqo5,sick of myself,"Whethan, Nessa Barrett",Indie Pop,https://i.scdn.co/image/ab67616d0000b2736925464e89060ab642711a73,2023-10-14
6P1dhVvRHL9TI9yA2UIpuW,sick of myself,"Whethan, Nessa Barrett",Indie Pop,https://i.scdn.co/image/ab67616d0000b273110b2d599dfd0b4eae5022de,2023-10-17
1ahn6p62bNet6CYmFuIZ7s,sick of myself,"Whethan, Nessa Barrett",Indie Pop,https://i.scdn.co/image/ab67616d0000b273f9db295e90105f94a2cb7248,2023-10-14
6hIANthywvmpZhzqE21Kll,sick of myself,"Whethan, Nessa Barrett",Indie Pop,https://i.scdn.co/image/ab67616d0000b2730e0b72517fed6e0d6aaac3c9,2023-10-17
6YCoEXslhHQCcQeWWvzbJJ,Father Finlee,"Spence Hood, Justin Ray Stringer",Indie Pop,https://i.scdn.co/image/ab67616d0000b273d867484768a1944d6f2753db,2023-01-20
7h5vsnbygkp5EXbRgXQ77g,Lo-Fi Children,Wild Party,Indie Pop,https://i.scdn.co/image/ab67616d0000b273b2b05168e86b0af78ede0d97,2014-10-07
6egCRoFoyITQsNDmZPzq1q,Pop Off!,Dance Gavin Dance,Indie Pop,https://i.scdn.co/image/ab67616d0000b273002c01245c0cf3c0785c0d02,2022-05-04
0b4m6mMTEiChttt6d6IJzv,Out of My League,Fitz and The Tantrums,Indie Pop,https://i.scdn.co/image/ab67616d0000b273855653151a790e87dde933d0,2023-10-10
08usYkCKcKehKFXBLSlOGP,Bothersome,Jack Stauber,Indie Pop,https://i.scdn.co/image/ab67616d0000b273f65bfa6478ec5f1895d37d8f,2017-03-25
4NOZKKJKMWhQCe5uyQNNG6,When I Get Older,Wild Party,Indie Pop,https://i.scdn.co/image/ab67616d0000b273b2b05168e86b0af78ede0d97,2014-10-07
21xou84xCn9aF4z2N5GzTK,Life's Too Short,Wild Party,Indie Pop,https://i.scdn.co/image/ab67616d0000b273b2b05168e86b0af78ede0d97,2014-10-07
1qPDHJnx0JuDOE7QnpjtAd,Cards,Alex G,Indie Pop,https://i.scdn.co/image/ab67616d0000b273081fa4604b3a49781f56cd2d,2014-03-25
78VXkLNQNDNu1fp1SfNVRo,Bread,Jack Stauber's Micropop,Indie Pop,https://i.scdn.co/image/ab67616d0000b27348cc1333d5c15fbf25f7c49d,2020-03-08
7aBabXtaoag0AjkeCO3YR1,Next to You,Charlotte Cardin,Indie Pop,https://i.scdn.co/image/ab67616d0000b273ea0bd11e33d2e25d5a76b777,2023-10-07
4t7oADdMTLo3Kj5asx1IL3,Candy Eyes,Jack Stauber,Indie Pop,https://i.scdn.co/image/ab67616d0000b273f65bfa6478ec5f1895d37d8f,2017-03-25
7zUUDbswUqzB3wBybN9jun,"Oh, Honey Baby",Mustard Service,Indie Pop,https://i.scdn.co/image/ab67616d0000b2739d67292c4658c1839c17b641,2017-06-17
0f7lwf8ahLohUsaMW8GZIO,Pop Song 89 - Remastered,R.E.M.,Indie Pop,https://i.scdn.co/image/ab67616d0000b2735f425fe330fc87a2511c4cc9,1988-11-07
3MSyd7cyjSHIvYeubisAwG,Problem,Set It Off,Indie Pop,https://i.scdn.co/image/ab67616d0000b2732c50bbfa36a37e50e09ad02b,2014-11-17
7EbVnljEpnmQT4JoeNY8cO,Synesthesia,Andrew McMahon in the Wilderness,Indie Pop,https://i.scdn.co/image/ab67616d0000b273d6aa9b6a2e2f68f81853401d,2013-04-30
3mU9L9qqhMxRbXgMXUncig,CIGARETTES,Current Joys,Indie Pop,https://i.scdn.co/image/ab67616d0000b273e7c9d377bb84094f1b45cc89,2023-08-04
65vHYDVPMWlYMgLV2g1Gip,Paper Towels,Jack Stauber's Micropop,Indie Pop,https://i.scdn.co/image/ab67616d0000b27348cc1333d5c15fbf25f7c49d,2020-03-08
0qeFBSpgOZYIHvl65QuOjc,Cheese,Jack Stauber's Micropop,Indie Pop,https://i.scdn.co/image/ab67616d0000b27348cc1333d5c15fbf25f7c49d,2020-03-08
6M8qU2rDpeRQLE88DF2xtq,Peach,BROODS,Indie Pop,https://i.scdn.co/image/ab67616d0000b273ce693fecd1eaf0ebff48c773,2019-02-01
5WjZ5G7ZLFXASnahZ8Augr,Oatmeal,Jack Stauber's Micropop,Indie Pop,https://i.scdn.co/image/ab67616d0000b27348cc1333d5c15fbf25f7c49d,2020-03-08
0YQLJDhHVQfZJZmHlml15F,Mind Your Manners (feat. Travie McCoy & Icona Pop),Chiddy Bang,Indie Pop,https://i.scdn.co/image/ab67616d0000b2737ec6292a5033415c81522ffa,2012-06-19
4Tm2TkKTe23pgMXMzOK4Z2,Excuses,The Morning Benders,Indie Pop,https://i.scdn.co/image/ab67616d0000b273cc7cb5839c8db7e76856b299,2010-06-28
37jGkLfWgFmGbyccWQDoO2,Microwave Popcorn,Bo Burnham,Indie Pop,https://i.scdn.co/image/ab67616d0000b2739362bdc8e0e686b11c435a19,2022-06-03
3uEx77R6b16SAltboKfQjh,Popular,Zoe,Indie Pop,https://i.scdn.co/image/ab67616d0000b2733e3fc382980680109a199208,2021-04-16
1j717HdHFPFwbBEAk2kwJQ,Broken Boy (feat. Iggy Pop),"Cage The Elephant, Iggy Pop",Indie Pop,https://i.scdn.co/image/ab67616d0000b27387a75176dc4094998eb56f5c,2020-01-23
22YQuV0PrN0Jc8WC5uM2mk,See You Later,The Band CAMINO,Indie Pop,https://i.scdn.co/image/ab67616d0000b2730f86f90d9fb874258a879457,2023-10-14
7FT4NZqCkyIUw0hFErVRha,See You Later,The Band CAMINO,Indie Pop,https://i.scdn.co/image/ab67616d0000b273806eccf528b08c2c2f8870fd,2023-10-17
4MfwHsYfRLzzbx3TJS5Yks,Margot Robbie,Bryce Vine,Indie Pop,https://i.scdn.co/image/ab67616d0000b273806eccf528b08c2c2f8870fd,2023-10-17
2dQkCBUasJzLfNjSumrRDd,Popeye,"Peach Tree Rascals, AG Club",Indie Pop,https://i.scdn.co/image/ab67616d0000b27387799073ceccef40f2b34a02,2021-07-16
3N0lemfma0XQAlkueBbwev,Popscuro,CLUBZ,Indie Pop,https://i.scdn.co/image/ab67616d0000b2734bcda62d02abaa5a2c847689,2018-09-28
7lU2ZjgtxR0X5eMqWHTgNh,Help,"Bryce Vine, Pheelz",Indie Pop,https://i.scdn.co/image/ab67616d0000b27366a5433e140204e847effe2a,2023-10-13
3ISRnIFXx0S63z8iZBvr4u,Koi Boy,Jack Stauber,Indie Pop,https://i.scdn.co/image/ab67616d0000b273f65bfa6478ec5f1895d37d8f,2017-03-25
7yKPrWWAUYtrU2l5gjefyr,See You Later,The Band CAMINO,Indie Pop,https://i.scdn.co/image/ab67616d0000b273187b3d478bb761708319440d,2023-10-05
5u2AC4VVk88ffpET0FEKUL,Microwave Popcorn,Bo Burnham,Indie Pop,https://i.scdn.co/image/ab67616d0000b273f9bc86bf12d31f62d691c0cc,2022-06-02
4VFW5JhRDRu8t1gHsM82rY,Homie,Mustard Service,Indie Pop,https://i.scdn.co/image/ab67616d0000b2739d67292c4658c1839c17b641,2017-06-17
0qoORhCUrlq6zEsvldBDaD,Me de Amor (Feat. Gaiola das Popozudas),Sango,Indie Pop,https://i.scdn.co/image/ab67616d0000b2733759613d9bc4b73da684e96b,2014-01-23
